INSERT INTO public.brand (id, name)
VALUES ('ac5514b1-3ceb-43aa-bd78-3fc291aeb8a0', 'Волга'),
       ('2a35ab97-7ac6-442a-b1a4-d2961947bcda', 'BMW'),
       ('13a88a0d-ab05-45b3-9f96-cb73254174b0', 'Ford'),
       ('ed2446d5-b747-4928-b3ce-a88531292c3a', 'Honda'),
       ('66071d1f-672e-4f0b-b041-b280727dc2f5', 'Hyundai'),
       ('dea8735e-b53a-4d17-b6b8-c6792a89bf72', 'Kia'),
       ('9da423c2-9612-4962-a58a-2ef65491ce66', 'Mercedes-Benz'),
       ('13a202ca-1de7-4317-86f0-da22ef965d1e', 'Mitsubishi'),
       ('ae2c80ee-2630-4255-81bb-b38bd5246f7f', 'Nissan'),
       ('3daa149e-ae72-486c-b1f0-48bd20a06822', 'Renault'),
       ('bea20173-3651-4715-92c5-962956c32c5e', 'Skoda'),
       ('1ff7abd9-a702-4532-9c8b-029adf40f546', 'Toyota'),
       ('ce7c440d-0705-49ce-8def-bbaca5d0a6ca', 'Volkswagen'),
       ('f8ba8606-4c3a-48a9-a60e-74fdb3726c81', 'Acura'),
       ('9b2f5f5c-2287-4dcd-b948-a5ef69f6555a', 'Audi');

INSERT INTO public.model (id, name, engine_capacity, max_speed, count_of_doors, number_of_seats)
VALUES ('09d6d8ad-ed43-4b60-8e02-69df6697a8fe', 'Maruti-Suzuki', 0.9, 180, 4, 5)
     , ('278fb830-9b9e-45e3-a13d-ccad8e62d970', 'Xiaopeng', 0.9, 180, 4, 5)
     , ('cf235c75-0bbf-418e-94f7-1f1efff15a06', 'Geely', 0.9, 180, 4, 5)
     , ('2447be4a-1099-4d8a-97f6-a2a4766abc4a', 'ZSD', 0.9, 180, 4, 5)
     , ('bc21fb5d-344a-46ca-87eb-96d456773475', 'КаВЗ', 0.9, 180, 4, 5)
     , ('3d5b2ded-9776-4278-9fdc-9ef584e48726', 'Pierce-Arrow', 0.9, 180, 4, 5)
     , ('31c3b876-751d-44db-be67-40326af1ce90', 'Westfalia', 0.9, 180, 4, 5)
     , ('9d12f835-4896-49f8-953e-cfc37acbb3c4', 'BJEV', 0.9, 180, 4, 5)
     , ('1e3e8008-0dd7-4c04-a567-c1736ca02ed5', 'Diatto', 0.9, 180, 4, 5)
     , ('14753ca4-9d61-4b6d-9249-7430c90550cc', 'MOST', 0.9, 180, 4, 5);

INSERT INTO public.color (id, color_name)
VALUES ('b59cb38d-2872-44c4-9034-eb9dc4786a54', '#ff00ff'),
       ('eb22ef19-1b96-4e64-b091-c9c7da74d459', 'Чёрный'),
       ('1da759c3-d070-4163-a243-aae814e26894', 'Белый'),
       ('207fab97-f317-40e6-abdb-6544f6084273', 'Тёмно-красный'),
       ('dee0150a-9ad6-48fd-8622-754f5b56bf13', 'Зелёный'),
       ('7f458b6d-26ee-4444-9c27-f84c1dd1b0ec', 'Синий'),
       ('2fd31748-3e47-4643-b829-223c2793594e', 'Голубой'),
       ('6afbfa60-db59-45df-b998-cf447db82cf0', 'Красный'),
       ('f4b90976-9af8-4b75-99cf-f011202e1e9f', 'Фиолетовый'),
       ('f2d60429-2470-49d6-9a20-5fa729307d07', 'Хаки');

INSERT INTO public.car (id, brand, model, transmission, registration_number, trailer_number, engine_model,
                        number_technical_passport, year_of_release, color)
VALUES ('0b56630e-23a6-49fe-a45a-4330fea16700', '9b2f5f5c-2287-4dcd-b948-a5ef69f6555a',
        'cf235c75-0bbf-418e-94f7-1f1efff15a06', 'автомат', 'BYUFRV36GN0SLAQZ', '35CQ9SB7J8', 'ВАЗ-21116', '95CJ741195',
        '2007-08-15', 'eb22ef19-1b96-4e64-b091-c9c7da74d459')
     , ('283f54ac-f5f1-47ed-8570-d6a46c3014af', 'ae2c80ee-2630-4255-81bb-b38bd5246f7f',
        '2447be4a-1099-4d8a-97f6-a2a4766abc4a', 'механика', 'FDSJJTGOO84ZRS6H', 'I3VQ36YTC2', 'ANA', '70NS342357',
        '2004-03-01', 'b59cb38d-2872-44c4-9034-eb9dc4786a54')
     , ('863bdb68-d6b7-4b45-99c3-833ffa520376', 'ac5514b1-3ceb-43aa-bd78-3fc291aeb8a0',
        'bc21fb5d-344a-46ca-87eb-96d456773475', 'механика', 'X7I5TAU9XLJCHXCS', '6NCJDWETYA', 'ВАЗ-21124', '61UY697409',
        '2005-06-20', '6afbfa60-db59-45df-b998-cf447db82cf0')
     , ('69189fef-7bfc-4ec6-98b0-998a042fb455', 'f8ba8606-4c3a-48a9-a60e-74fdb3726c81',
        'bc21fb5d-344a-46ca-87eb-96d456773475', 'полуавтомат', 'E4B019981W08P43R', '59V0B15CG7', 'ВАЗ-21126',
        '18MI941832', '2016-04-18', '7f458b6d-26ee-4444-9c27-f84c1dd1b0ec')
     , ('0b75b8b6-f450-4f8b-a95d-b937df55b901', '13a202ca-1de7-4317-86f0-da22ef965d1e',
        'cf235c75-0bbf-418e-94f7-1f1efff15a06', 'полуавтомат', 'Z96S6SLDWBB78J7K', '193H6QNAYX', 'ВАЗ-21114',
        '63BJ724327', '2021-09-30', 'f4b90976-9af8-4b75-99cf-f011202e1e9f')
     , ('cecea320-8157-48ed-ad63-5a4bb06c97e7', 'bea20173-3651-4715-92c5-962956c32c5e',
        '2447be4a-1099-4d8a-97f6-a2a4766abc4a', 'автомат', 'BBOFKAX5R6YNLDCL', 'GKS2WEWEZV', 'ВАЗ-11186', '25JN485333',
        '2008-03-26', 'f4b90976-9af8-4b75-99cf-f011202e1e9f')
     , ('4076f80b-6247-4e29-b3be-33742304e442', '13a88a0d-ab05-45b3-9f96-cb73254174b0',
        '2447be4a-1099-4d8a-97f6-a2a4766abc4a', 'механика', '3MTKYE8XQV7V1UVO', '5371LXP1JG', 'AVU', '86TT293764',
        '2022-11-11', 'b59cb38d-2872-44c4-9034-eb9dc4786a54')
     , ('08b4628e-eadd-452d-932c-3f6935c3457b', 'ac5514b1-3ceb-43aa-bd78-3fc291aeb8a0',
        '9d12f835-4896-49f8-953e-cfc37acbb3c4', 'полуавтомат', '49RDSRUGB9XMFW3Y', 'S5APAO58JT', 'M260', '00SG577458',
        '2013-03-03', '207fab97-f317-40e6-abdb-6544f6084273')
     , ('81297001-1200-4898-994a-9462f6259f08', '2a35ab97-7ac6-442a-b1a4-d2961947bcda',
        '09d6d8ad-ed43-4b60-8e02-69df6697a8fe', 'автомат', 'XAZ2F7TXV3JLTRPA', 'PUV5IUD5Q1', 'DADA', '97LZ426061',
        '2014-02-10', 'b59cb38d-2872-44c4-9034-eb9dc4786a54')
     , ('bdbf9b07-442b-4238-8846-68106f86ec9b', 'dea8735e-b53a-4d17-b6b8-c6792a89bf72',
        '14753ca4-9d61-4b6d-9249-7430c90550cc', 'полуавтомат', 'T0YOHBIECIRF12O2', 'FM6LV8N0MJ', 'ALZ', '60AY921788',
        '2013-08-13', '6afbfa60-db59-45df-b998-cf447db82cf0')
     , ('2e75a163-9880-402b-bdf5-c25b10f1c8f9', 'bea20173-3651-4715-92c5-962956c32c5e',
        '2447be4a-1099-4d8a-97f6-a2a4766abc4a', 'автомат', '37C41HRNO9EH98NF', '8NPAX0TNZE', 'ВАЗ-11183', '65LJ137249',
        '2007-09-13', '2fd31748-3e47-4643-b829-223c2793594e')
     , ('3f09b528-f422-4ad2-a58a-c7dee98cde9f', 'ce7c440d-0705-49ce-8def-bbaca5d0a6ca',
        'cf235c75-0bbf-418e-94f7-1f1efff15a06', 'полуавтомат', 'U26ECQ9GWO3HUZJ6', 'DRJXVTPW8T', 'M102', '57RU462294',
        '2014-03-13', 'eb22ef19-1b96-4e64-b091-c9c7da74d459')
     , ('3233377b-022d-4410-ab1d-3ae35b7db09c', 'ac5514b1-3ceb-43aa-bd78-3fc291aeb8a0',
        '1e3e8008-0dd7-4c04-a567-c1736ca02ed5', 'полуавтомат', '8RVALBK62V95Y9AO', '3S835GOIB2', 'M254', '18FC378476',
        '2015-07-18', 'eb22ef19-1b96-4e64-b091-c9c7da74d459')
     , ('f98b63bf-4218-4611-ae40-8830a41da543', '1ff7abd9-a702-4532-9c8b-029adf40f546',
        '14753ca4-9d61-4b6d-9249-7430c90550cc', 'механика', 'LWMR67NAH12ZSKL0', '9VLHXTXYH0', 'M102', '28BG266696',
        '2008-10-22', '207fab97-f317-40e6-abdb-6544f6084273')
     , ('22bdc180-1018-4a70-b60e-4d22653acb3b', '3daa149e-ae72-486c-b1f0-48bd20a06822',
        '3d5b2ded-9776-4278-9fdc-9ef584e48726', 'механика', 'ESYEYHPTOETS5KLK', 'WFEUT36OX9', 'CMBA', '15HY820823',
        '2021-12-16', '207fab97-f317-40e6-abdb-6544f6084273');

INSERT INTO public.client (id, firstname, surname, second_name, client_name, address, phone_number)
VALUES ('91530d77-8a8e-4690-bcd8-0ee0fae95f8e', 'Сергей', 'Васильев', 'Кириллович', null,
        'Пензенская обл., г. Пенза, Заречная ул., д. 65, кв. 178', '+79764439210'),
       ('485a0aa1-0d88-45e3-9b40-4ed7d85da684', 'Михаил', 'Борисов', 'Романович', null,
        'Пензенская обл., г. Пенза, Речная ул., д. 114, кв. 172', '+79543689201'),
       ('9207a222-f059-44fa-9077-4b9aff8a188d', 'Дмитрий', 'Соколов', 'Вячеславович', null,
        'Пензенская обл., г. Пенза, Новая ул., д. 176, кв. 117', '+79666584783'),
       ('aca8d57b-01e8-4d30-a204-d8ae41e7ff56', 'Егор', 'Козлов', 'Северинович', null,
        'Пензенская обл., г. Пенза, Луговая ул., д. 167, кв. 197', '+79942549757'),
       ('84b683a7-2341-45c7-9a26-7e3f556cf1b0', 'Егор', 'Киселев', 'Алексеевич', null,
        'Пензенская обл., г. Пенза, Солнечная ул., д. 18, кв. 128', '+79459582848'),
       ('b167d039-695f-46e0-8ad6-1684a0ab6696', 'Роман', 'Михайлов', 'Палыч', null,
        'Пензенская обл., г. Пенза, Центральная ул., д. 66, кв. 168', '+79192561436'),
       ('df79335c-50c3-4aaa-8e2a-b9da94ca2e31', 'Марк', 'Воробьев', 'Дмитриевич', null,
        'Пензенская обл., г. Пенза, Нагорная ул., д. 63, кв. 112', '+79622569134'),
       ('d851b677-0fcf-45f4-b412-16cbe5b4cb4d', 'Андрей', 'Фролов', 'Николаевич', null,
        'Пензенская обл., г. Пенза, Садовая ул., д. 181, кв. 4', '+79413223158'),
       ('10a1c3f2-58c3-46de-b917-f7f43733a461', 'Марк', 'Новиков', 'Валерьевич', null,
        'Пензенская обл., г. Пенза, Школьная ул., д. 112, кв. 86', '+79183040914'),
       ('aaa59e97-f5c5-4f2b-8abf-5569c1dec864', 'Максим', 'Смирнов', 'Саныч', null,
        'Пензенская обл., г. Пенза, Октябрьская ул., д. 37, кв. 133', '+79480057714'),
       ('8a77af61-27a3-4906-b603-a8267c8c3ea1', 'Александр', 'Андреев', 'Владиславович', null,
        'Пензенская обл., г. Пенза, Школьная ул., д. 195, кв. 13', '+79230581428'),
       ('86e87c50-830b-491b-a12a-a01a0ef2a14d', 'Никита', 'Егоров', 'Игнатьевич', null,
        'Пензенская обл., г. Пенза, Молодежная ул., д. 94, кв. 88', '+79506354083'),
       ('fd8c2109-acfc-4aa4-afa6-e742c5de2874', 'Роман', 'Борисов', 'Васильевич', null,
        'Пензенская обл., г. Пенза, Набережная ул., д. 169, кв. 184', '+79345868115'),
       ('72beebd1-6d64-4243-a7d7-117380e3e33d', 'Ярослав', 'Борисов', 'Борисович', null,
        'Пензенская обл., г. Пенза, Октябрьская ул., д. 68, кв. 179', '+79865376741'),
       ('49ab47ed-86dc-441d-a401-bd475a2685e6', 'Иван', 'Михайлов', 'Аркадьевич', null,
        'Пензенская обл., г. Пенза, Южная ул., д. 151, кв. 149', '+79281849742');

INSERT INTO public.employee (id, firstname, surname, second_name, date_of_birth, gender, address, phone_number,
                             passport_code, position_at_work, rank)
VALUES ('3daf42b5-3576-4e44-b382-32008c82a4c7', 'Алексей', 'Степанов', 'Саныч', '1997-01-09', 'м',
        'Пензенская обл., г. Пенза, Молодежная ул., д. 43, кв. 56', '+79446748774', '3625977363', 'Старший продовец',
        '1 разряд')
     , ('80c800da-711f-4925-a9d2-e37c5a815ece', 'Кирилл', 'Соколов', 'Тарасович', '1966-03-26', 'м',
        'Пензенская обл., г. Пенза, Заречная ул., д. 174, кв. 18', '+79868561667', '3851587051', 'Продовец', '2 разряд')
     , ('cee7aa33-c40f-4dad-a12c-e6a2a8ef83bc', 'Кирилл', 'Попов', 'Ярославович', '1979-09-04', 'м',
        'Пензенская обл., г. Пенза, Степная ул., д. 139, кв. 22', '+79774544063', '4234613915', 'Кассир', '4 разряд')
     , ('3740a31e-7c72-4463-b395-1c276d437ddd', 'Константин', 'Степанов', 'Кириллович', '1953-04-08', 'м',
        'Пензенская обл., г. Пенза, Лесная ул., д. 116, кв. 49', '+79592320010', '0366352637', 'Кассир', '2 разряд')
     , ('7be1c0cd-012f-42a5-9211-92c78c45a77a', 'Дмитрий', 'Воробьев', 'Викторович', '2001-05-20', 'м',
        'Пензенская обл., г. Пенза, Молодежная ул., д. 158, кв. 104', '+79319648746', '5696876761', 'Кассир',
        '5 разряд')
     , ('2a141d97-3d12-44b4-bd99-1f6bb9c2a9ff', 'Владимир', 'Захаров', 'Станиславович', '1990-02-23', 'м',
        'Пензенская обл., г. Пенза, Лесная ул., д. 74, кв. 132', '+79314335638', '8745548104', 'Старший продовец',
        '3 разряд')
     , ('73272992-a9a4-41f9-be2e-7e10f98ce355', 'Роман', 'Фролов', 'Данилович', '1959-04-16', 'м',
        'Пензенская обл., г. Пенза, Первомайская ул., д. 144, кв. 190', '+79048157156', '5272613265', 'Старший кассир',
        '2 разряд')
     , ('89c5efb0-7a76-4032-8e16-4e1b4b163740', 'Константин', 'Федоров', 'Вольфович', '1978-05-11', 'м',
        'Пензенская обл., г. Пенза, Полевая ул., д. 82, кв. 5', '+79765187165', '7288259842', 'Младший продовец',
        '3 разряд')
     , ('9663b6ec-2f5b-445d-810c-275fe3dbe7b4', 'Евгений', 'Смирнов', 'Юрьевич', '1995-11-04', 'м',
        'Пензенская обл., г. Пенза, Новая ул., д. 8, кв. 106', '+79784844813', '8364537648', 'Младший продовец',
        '5 разряд')
     , ('4eb0e575-70c4-4e2b-ab04-651c3cd996ed', 'Евгений', 'Орлов', 'Ярославович', '1989-09-06', 'м',
        'Пензенская обл., г. Пенза, Речная ул., д. 197, кв. 47', '+79787715741', '4057182237', 'Старший продовец',
        '3 разряд')
     , ('d41908cf-ed7e-4567-8156-b3e8fcd346ad', 'Константин', 'Соловьев', 'Антонович', '1983-04-23', 'м',
        'Пензенская обл., г. Пенза, Степная ул., д. 182, кв. 17', '+79338767667', '9881351998', 'Младший кассир',
        '5 разряд')
     , ('ab0dd7a5-160d-48b4-9de6-9adc44a783d2', 'Максим', 'Смирнов', 'Денисович', '1967-11-09', 'м',
        'Пензенская обл., г. Пенза, Полевая ул., д. 121, кв. 55', '+79661365752', '6164586364', 'Продовец', '3 разряд')
     , ('92b61388-cca4-47da-b8e9-7a98cbeec3fd', 'Денис', 'Михайлов', 'Павлович', '1960-04-01', 'м',
        'Пензенская обл., г. Пенза, Заречная ул., д. 64, кв. 95', '+79118388395', '3086024383', 'Продовец', '4 разряд')
     , ('73e24e45-04b8-4d97-9806-419f5d398f95', 'Иван', 'Александров', 'Игоревич', '1989-06-03', 'м',
        'Пензенская обл., г. Пенза, Октябрьская ул., д. 145, кв. 193', '+79954658737', '4877024949', 'Кассир',
        '4 разряд')
     , ('8ad18884-00ae-4cb6-9a79-03d5c2dc9760', 'Роман', 'Соловьев', 'Игоревич', '1956-06-22', 'м',
        'Пензенская обл., г. Пенза, Пионерская ул., д. 56, кв. 135', '+79558365735', '2538651864', 'Младший продовец',
        '5 разряд');


INSERT INTO public.cheque (id, employee, client, date_of_sale, payment_mark, car)
VALUES ('86581605-b8eb-4d7c-97d8-cd5f7dad6629', '4eb0e575-70c4-4e2b-ab04-651c3cd996ed',
        '86e87c50-830b-491b-a12a-a01a0ef2a14d', '2023-03-21 09:19:38.275883', false,
        '0b75b8b6-f450-4f8b-a95d-b937df55b901'),
       ('02a46767-e1b6-4230-bb8b-37b1de1cac42', '9663b6ec-2f5b-445d-810c-275fe3dbe7b4',
        '91530d77-8a8e-4690-bcd8-0ee0fae95f8e', '2023-02-01 15:54:31.186078', false,
        '283f54ac-f5f1-47ed-8570-d6a46c3014af'),
       ('3d8f9674-11e3-4c76-b213-398bffe923a5', 'cee7aa33-c40f-4dad-a12c-e6a2a8ef83bc',
        '485a0aa1-0d88-45e3-9b40-4ed7d85da684', '2023-01-18 05:40:38.627365', false,
        '69189fef-7bfc-4ec6-98b0-998a042fb455'),
       ('2fc39017-5fcc-4b65-9bb8-5aeae03baa19', '89c5efb0-7a76-4032-8e16-4e1b4b163740',
        '72beebd1-6d64-4243-a7d7-117380e3e33d', '2023-02-26 14:39:39.617480', false,
        'cecea320-8157-48ed-ad63-5a4bb06c97e7'),
       ('8a0144fa-c0de-48a2-a7fc-e79f7644c374', '89c5efb0-7a76-4032-8e16-4e1b4b163740',
        '72beebd1-6d64-4243-a7d7-117380e3e33d', '2023-01-21 16:21:57.419534', true,
        '4076f80b-6247-4e29-b3be-33742304e442'),
       ('7d0a0580-f072-4bf7-b9c4-419dbab79a04', '2a141d97-3d12-44b4-bd99-1f6bb9c2a9ff',
        '84b683a7-2341-45c7-9a26-7e3f556cf1b0', '2023-02-15 21:49:52.381984', false,
        '4076f80b-6247-4e29-b3be-33742304e442'),
       ('abb94dc7-a199-4d22-968d-c32b3e970c83', '92b61388-cca4-47da-b8e9-7a98cbeec3fd',
        'fd8c2109-acfc-4aa4-afa6-e742c5de2874', '2023-02-04 09:11:44.290990', true,
        '4076f80b-6247-4e29-b3be-33742304e442'),
       ('4a33a9ac-e4ff-41ad-8734-b2cb9016b92a', '8ad18884-00ae-4cb6-9a79-03d5c2dc9760',
        '49ab47ed-86dc-441d-a401-bd475a2685e6', '2023-02-16 13:39:51.886102', true,
        '22bdc180-1018-4a70-b60e-4d22653acb3b'),
       ('c9054baf-9f2b-4990-88bd-f307b75128a9', '3740a31e-7c72-4463-b395-1c276d437ddd',
        'df79335c-50c3-4aaa-8e2a-b9da94ca2e31', '2023-03-23 20:20:15.002796', true,
        '863bdb68-d6b7-4b45-99c3-833ffa520376'),
       ('599aec52-5ad4-44b7-90e0-a675d485d026', '73e24e45-04b8-4d97-9806-419f5d398f95',
        '9207a222-f059-44fa-9077-4b9aff8a188d', '2023-03-30 08:46:13.919223', false,
        '08b4628e-eadd-452d-932c-3f6935c3457b'),
       ('a80cd512-c976-4cc0-a953-364c89df3fd8', '89c5efb0-7a76-4032-8e16-4e1b4b163740',
        '86e87c50-830b-491b-a12a-a01a0ef2a14d', '2023-03-14 12:26:46.904786', true,
        '863bdb68-d6b7-4b45-99c3-833ffa520376'),
       ('9ac1ccd9-41c1-4984-b1ce-78923d0b8e70', 'ab0dd7a5-160d-48b4-9de6-9adc44a783d2',
        '49ab47ed-86dc-441d-a401-bd475a2685e6', '2023-02-01 00:40:52.601498', true,
        '08b4628e-eadd-452d-932c-3f6935c3457b'),
       ('1fdf2a30-da9e-460a-a119-1aa568c083b1', '4eb0e575-70c4-4e2b-ab04-651c3cd996ed',
        '485a0aa1-0d88-45e3-9b40-4ed7d85da684', '2023-03-16 00:56:52.634157', false,
        '0b75b8b6-f450-4f8b-a95d-b937df55b901'),
       ('79950d48-7286-4521-9249-c02e6f706995', '92b61388-cca4-47da-b8e9-7a98cbeec3fd',
        '485a0aa1-0d88-45e3-9b40-4ed7d85da684', '2023-02-06 18:29:37.603506', false,
        '2e75a163-9880-402b-bdf5-c25b10f1c8f9'),
       ('3cceae97-651d-4883-a06c-64617ae800c3', '89c5efb0-7a76-4032-8e16-4e1b4b163740',
        'fd8c2109-acfc-4aa4-afa6-e742c5de2874', '2023-01-06 09:58:55.464816', false,
        '4076f80b-6247-4e29-b3be-33742304e442');

